ime,znacaj

Deutsche Bracke,A light

Poodle (Standard),Active

Australian Shepherd,Active

Shih Tzu,Active

Pomeranian,Active

Maltese,Active

Belgian Malinois,Active

Bull Terrier,Active

German Wirehaired Pointer,Active

Dalmatian,Active

Cardigan Welsh Corgi,Active

Cairn Terrier,Active

Pointer,Active

Belgian Sheepdog,Active

Smooth Fox Terrier,Active

Bearded Collie,Active

Bluetick Coonhound,Active

Welsh Springer Spaniel,Active

"Manchester Terrier (Toy, Standard)",Active

Affenpinscher,Active

Glen of Imaal Terrier,Active

Portuguese Podengo Pequeno,Active

Petit Basset Griffon Vendeen,Active

Pumi,Active

Irish Water Spaniel,Active

Ibizan Hound,Active

Lowchen,Active

Pharaoh Hound,Active

American English Coonhound,Active

Harrier,Active

English Foxhound,Active

Miniature Poodle,Active

Toy Poodle,Active

Grand Bleu de Gascogne,Active

Alaskan Klee Kai,Active

Basset Bleu de Gascogne,Active

Belgian Shepherd Laekenois,Active

Black Mouth Cur,Active

Blue Lacy,Active

Blue Picardy Spaniel,Active

Bohemian Shepherd,Active

Brazilian Terrier,Active

Czechoslovakian Wolfdog,Active

Francais Blanc et Noir,Active

Hovawart,Active

Jaumlmthund,Active

Japanese Terrier,Active

Korean Jindo,Active

Miniature Bulldog,Active

New Guinea Singing Dog,Active

Norrbottenspets,Active

Picardy Spaniel,Active

Prazsky Krysarik,Active

Russian Toy,Active

Seppala Siberian Sleddog,Active

South Russian Ovcharka,Active

Thai Bangkaew Dog,Active

Volpino Italiano,Active

Bull Arab,Active

Kyi-Leo,Active

Old English Sheepdog,Adaptable

Leonberger,Adaptable

Black and Tan Coonhound,Adaptable

Field Spaniel,Adaptable

Miniature Shar Pei,Adaptable

Basset Fauve de Bretagne,Adaptable

Blue Picardy Spaniel,Adaptable

Bouvier des Ardennes,Adaptable

Carolina Dog,Adaptable

Central Asian Ovtcharka,Adaptable

Cesky Fousek,Adaptable

English Shepherd,Adaptable

French Spaniel,Adaptable

Jagdterrier,Adaptable

Kromfohrlander,Adaptable

Affenpinscher,Adventurous

Labrador Retriever,Affectionate

French Bulldog,Affectionate

German Shorthaired Pointer,Affectionate

Pembroke Welsh Corgi,Affectionate

Australian Shepherd,Affectionate

Cavalier King Charles Spaniel,Affectionate

Boston Terrier,Affectionate

Havanese,Affectionate

Shetland Sheepdog,Affectionate

Bernese Mountain Dog,Affectionate

English Springer Spaniel,Affectionate

Mastiff,Affectionate

Vizsla,Affectionate

Pug,Affectionate

Basset Hound,Affectionate

West Highland White Terrier,Affectionate

Chesapeake Bay Retriever,Affectionate

Bichon Frise,Affectionate

Soft Coated Wheaten Terrier,Affectionate

Bloodhound,Affectionate

English Cocker Spaniel,Affectionate

Alaskan Malamute,Affectionate

Whippet,Affectionate

German Wirehaired Pointer,Affectionate

Chinese Shar-Pei,Affectionate

Great Pyrenees,Affectionate

Cardigan Welsh Corgi,Affectionate

Irish Setter,Affectionate

Italian Greyhound,Affectionate

Chinese Crested,Affectionate

Coton De Tulear,Affectionate

Staffordshire Bull Terrier,Affectionate

Basenji,Affectionate

Pekingese,Affectionate

Nova Scotia Duck Tolling Retriever,Affectionate

Border Terrier,Affectionate

Rat Terrier,Affectionate

Tibetan Terrier,Affectionate

Norwich Terrier,Affectionate

Spinone Italiano,Affectionate

Pointer,Affectionate

Smooth Fox Terrier,Affectionate

Kerry Blue Terrier,Affectionate

Treeing Walker Coonhound,Affectionate

Welsh Springer Spaniel,Affectionate

English Toy Spaniel,Affectionate

Redbone Coonhound,Affectionate

Clumber Spaniel,Affectionate

Spanish Water Dog,Affectionate

Bedlington Terrier,Affectionate

Irish Red and White Setter,Affectionate

Greyhound,Affectionate

Komondor,Affectionate

Pharaoh Hound,Affectionate

Dandie Dinmont Terrier,Affectionate

Cirneco dell'Etna,Affectionate

Miniature Shar Pei,Affectionate

Spanish Greyhound,Affectionate

Akbash Dog,Affectionate

Alano Espanol,Affectionate

American Mastiff,Affectionate

American Pit Bull Terrier,Affectionate

American Staghound,Affectionate

Dogo Argentino,Affectionate

Ariegeois,Affectionate

Azawakh,Affectionate

Basset Bleu de Gascogne,Affectionate

Basset Fauve de Bretagne,Affectionate

Bracco Italiano,Affectionate

Braque du Bourbonnais,Affectionate

Canadian Eskimo Dog,Affectionate

Cesky Fousek,Affectionate

Cockapoo,Affectionate

Dutch Shepherd Dog,Affectionate

Dutch Smoushond,Affectionate

German Longhaired Pointer,Affectionate

Griffon bleu de Gascogne,Affectionate

Large Munsterlander,Affectionate

Japanese Spitz,Affectionate

Japanese Terrier,Affectionate

Small Munsterlander,Affectionate

New Guinea Singing Dog,Affectionate

Peruvian Inca Orchid,Affectionate

Picardy Spaniel,Affectionate

Portuguese Pointer,Affectionate

Rajapalayam,Affectionate

Russian Spaniel,Affectionate

Seppala Siberian Sleddog,Affectionate

Silken Windhound,Affectionate

Pont-Audemer Spaniel,Affectionate

Spanish Mastiff,Affectionate

Swedish Lapphund,Affectionate

Volpino Italiano,Affectionate

American Bulldog,Affectionate

Beaglier,Affectionate

Chizer,Affectionate

Cotonese,Affectionate

Taco Terrier,Affectionate

Cairmal,Affectionate

Majestic Tree Hound,Affectionate

Chorkie,Affectionate

Cockalier,Affectionate

Dorkie,Affectionate

Double Doodle,Affectionate

Lurcher,Affectionate

Mal-Shi,Affectionate

Shichon,Affectionate

Stabyhoun,Affectionate

Puggle,Affectionate

Russian Tsvetnaya Bolonka,Affectionate

Bulldog,Aggressive

Boston Terrier,Aggressive

Australian Cattle Dog,Aggressive

Pekingese,Aggressive

American Pit Bull Terrier,Aggressive

East Siberian Laika,Aggressive

East-European Shepherd,Aggressive

Pakistani Mastiff,Aggressive

Tosa,Aggressive

West Siberian Laika,Aggressive

Chorkie,Aggressive

Italian Greyhound,Agile

Keeshond,Agile

Schipperke,Agile

Puli,Agile

Icelandic Sheepdog,Agile

Entlebucher Mountain Dog,Agile

Glen of Imaal Terrier,Agile

Norwegian Buhund,Agile

Polish Lowland Sheepdog,Agile

Aidi,Agile

Alaskan Klee Kai,Agile

Basset Bleu de Gascogne,Agile

Bavarian Mountain Hound,Agile

Catalan Sheepdog,Agile

Croatian Sheepdog,Agile

Dingo,Agile

Shikoku dog,Agile

Smaland Hound,Agile

Tamaskan Dog,Agile

Thai Bangkaew Dog,Agile

Alaskan Husky,Agile

Mountain Feist,Agile

Austrian Black and Tan Hound,Agreeable

Braque du Bourbonnais,Agreeable

Labrador Retriever,Alert

German Shepherd,Alert

French Bulldog,Alert

Poodle (Standard),Alert

Rottweiler,Alert

Yorkshire Terrier,Alert

Siberian Husky,Alert

Doberman Pinscher,Alert

Miniature Schnauzer,Alert

Brittany,Alert

English Springer Spaniel,Alert

Mastiff,Alert

Chihuahua,Alert

Weimaraner,Alert

Border Collie,Alert

West Highland White Terrier,Alert

Belgian Malinois,Alert

Shiba Inu,Alert

Akita,Alert

Bullmastiff,Alert

Papillon,Alert

Airedale Terrier,Alert

Australian Cattle Dog,Alert

Samoyed,Alert

Scottish Terrier,Alert

Cardigan Welsh Corgi,Alert

Greater Swiss Mountain Dog,Alert

Lhasa Apso,Alert

Jack Russell Terrier,Alert

Chinese Crested,Alert

Basenji,Alert

Nova Scotia Duck Tolling Retriever,Alert

Norwegian Elkhound,Alert

Border Terrier,Alert

Brussels Griffon,Alert

Rat Terrier,Alert

Wire Fox Terrier,Alert

Belgian Tervuren,Alert

Gordon Setter,Alert

Silky Terrier,Alert

Japanese Chin,Alert

Welsh Terrier,Alert

Toy Fox Terrier,Alert

"American Eskimo Dog (Toy, Miniature, Standard)",Alert

Belgian Sheepdog,Alert

Smooth Fox Terrier,Alert

Bearded Collie,Alert

American Hairless Terrier,Alert

Kerry Blue Terrier,Alert

"Manchester Terrier (Toy, Standard)",Alert

Australian Terrier,Alert

Xoloitzcuintli,Alert

Icelandic Sheepdog,Alert

Swedish Vallhund,Alert

Sealyham Terrier,Alert

Irish Water Spaniel,Alert

Plott Hound,Alert

Canaan Dog,Alert

Chinook,Alert

Sloughi,Alert

Norwegian Lundehund,Alert

Miniature Poodle,Alert

Toy Poodle,Alert

Miniature Shar Pei,Alert

Kangal Dog,Alert

Aidi,Alert

Akbash Dog,Alert

American White Shepherd,Alert

Australian Bulldog,Alert

Australian Kelpie,Alert

Australian Stumpy Tail Cattle Dog,Alert

Austrian Pinscher,Alert

Belgian Shepherd Laekenois,Alert

Black Norwegian Elkhound,Alert

Blue Lacy,Alert

Brazilian Terrier,Alert

Canadian Eskimo Dog,Alert

Catahoula Bulldog,Alert

Catahoula Leopard Dog,Alert

Caucasian Ovcharka,Alert

Cockapoo,Alert

Croatian Sheepdog,Alert

Danish-Swedish Farmdog,Alert

Drever,Alert

Dutch Shepherd Dog,Alert

English Shepherd,Alert

Eurasier,Alert

Grand Basset Griffon Vendeen,Alert

Griffon bleu de Gascogne,Alert

Hokkaido Dog,Alert

Kishu Ken,Alert

Kooikerhondje,Alert

Lancashire Heeler,Alert

Mudi,Alert

New Guinea Singing Dog,Alert

Norrbottenspets,Alert

Olde English Bulldogge,Alert

Peruvian Inca Orchid,Alert

Plummer Terrier,Alert

Prazsky Krysarik,Alert

Swedish Lapphund,Alert

Tornjak,Alert

Alaskan Husky,Alert

Alopekis,Alert

American Bulldog,Alert

Mountain Feist,Alert

Cotonese,Alert

Dorgi,Alert

Double Doodle,Alert

Maremma Sheepdog,Alert

Mal-Shi,Alert

Slovensky Cuvac,Alert

Weimaraner,Aloof

Chow Chow,Aloof

Afghan Hound,Aloof

Tibetan Spaniel,Aloof

Saluki,Aloof

Tibetan Mastiff,Aloof

American White Shepherd,Aloof

Azawakh,Aloof

Caravan Hound,Aloof

Dingo,Aloof

Tibetan Terrier,Amiable

Pointer,Amiable

Otterhound,Amiable

Russian Spaniel,Amiable

Cairn Terrier,Assertive

Lhasa Apso,Assertive

Tibetan Spaniel,Assertive

Berger Picard,Assertive

Austrian Pinscher,Assertive

French Bulldog,Athletic

Italian Greyhound,Athletic

Borzoi,Athletic

Spanish Water Dog,Athletic

Greyhound,Athletic

American Staffordshire Terrier,Attentive

Belgian Tervuren,Attentive

Azawakh,Attentive

Danish-Swedish Farmdog,Attentive

Small Munsterlander,Attentive

Norrbottenspets,Attentive

Schapendoes,Attentive

South Russian Ovcharka,Balanced

West Siberian Laika,Balanced

German Shorthaired Pointer,Boisterous

Otterhound,Boisterous

German Shorthaired Pointer,Bold

Staffordshire Bull Terrier,Bold

Anatolian Shepherd Dog,Bold

Norwegian Elkhound,Bold

Wire Fox Terrier,Bold

Parson Russell Terrier,Bold

Lakeland Terrier,Bold

Plott Hound,Bold

Blue Lacy,Bold

Central Asian Ovtcharka,Bold

Korean Jindo,Bold

Patterdale Terrier,Bold

Plummer Terrier,Bold

Greenland Dog,Boldness

Pyrenean Shepherd,Bossy

Boxer,Brave

Portuguese Water Dog,Brave

Black Russian Terrier,Brave

Bulgarian Shepherd Dog,Brave

Canadian Eskimo Dog,Brave

Chart Polski,Brave

Fila Brasileiro,Brave

Polish Hunting Dog,Brave

Korean Jindo,Brave

Karelian Bear Dog,Brave

Perro de Presa Mallorquin,Brave

Shikoku dog,Brave

Tosa,Brave

Karst Shepherd,Brave

French Bulldog,Bright

Boxer,Bright

Keeshond,Bright

Old English Sheepdog,Bubbly

Bullmastiff,Calm

Clumber Spaniel,Calm

Xoloitzcuintli,Calm

Sealyham Terrier,Calm

Sussex Spaniel,Calm

Komondor,Calm

Finnish Lapphund,Calm

Chinook,Calm

Cesky Terrier,Calm

Miniature Shar Pei,Calm

Kangal Dog,Calm

Spanish Greyhound,Calm

American Mastiff,Calm

American Staghound,Calm

Bavarian Mountain Hound,Calm

Blue Picardy Spaniel,Calm

Braque du Bourbonnais,Calm

Bukovina Sheepdog,Calm

Carpathian Sheepdog,Calm

Catahoula Bulldog,Calm

Caucasian Ovcharka,Calm

Dunker,Calm

Eurasier,Calm

Finnish Hound,Calm

French Spaniel,Calm

Jaumlmthund,Calm

Lapponian Herder,Calm

Northern Inuit Dog,Calm

Perro de Presa Canario,Calm

Portuguese Pointer,Calm

Pudelpointer,Calm

Rafeiro do Alentejo,Calm

Sarplaninac,Calm

Smaland Hound,Calm

Tornjak,Calm

Beagle-Harrier,Calm

Kyi-Leo,Calm

Polish Tatra Sheepdog,Calm

Japanese Chin,Cat-like

Field Spaniel,Cautious

Canaan Dog,Cautious

Karelian Bear Dog,Cautious

Shikoku dog,Cautious

Shiba Inu,Charming

Labrador Retriever,Cheerful

Pembroke Welsh Corgi,Cheerful

Cavalier King Charles Spaniel,Cheerful

English Springer Spaniel,Cheerful

Mastiff,Cheerful

Vizsla,Cheerful

Pug,Cheerful

Newfoundland,Cheerful

Cane Corso,Cheerful

Bichon Frise,Cheerful

Jack Russell Terrier,Cheerful

Lagotto Romagnolo,Cheerful

Xoloitzcuintli,Cheerful

Icelandic Sheepdog,Cheerful

Sussex Spaniel,Cheerful

Harrier,Cheerful

Cesky Terrier,Cheerful

Dogo Argentino,Cheerful

Barbet,Cheerful

Cockapoo,Cheerful

Large Munsterlander,Cheerful

Japanese Terrier,Cheerful

Kooikerhondje,Cheerful

Russian Toy,Cheerful

Cotonese,Cheerful

Majestic Tree Hound,Cheerful

Chorkie,Cheerful

Dorkie,Cheerful

Puggle,Cheerful

"Dachshund (Toy, Miniature, Standard)",Clever

Miniature Pinscher,Clever

Treeing Walker Coonhound,Clever

Curly-Coated Retriever,Clever

Pyrenean Shepherd,Clever

Lancashire Heeler,Clever

Texas Heeler,Clever

Afghan Hound,Clownish

Kuvasz,Clownish

Irish Water Spaniel,Clownish

Ibizan Hound,Clownish

American Pit Bull Terrier,Clownish

Pont-Audemer Spaniel,Clownish

Havanese,Companionable

Dogue de Bordeaux,Companionable

Cardigan Welsh Corgi,Companionable

Irish Setter,Companionable

Italian Greyhound,Companionable

Brussels Griffon,Companionable

Boykin Spaniel,Companionable

Leonberger,Companionable

Norfolk Terrier,Companionable

Australian Terrier,Companionable

Redbone Coonhound,Companionable

Xoloitzcuintli,Companionable

Portuguese Podengo Pequeno,Companionable

Sussex Spaniel,Companionable

Dandie Dinmont Terrier,Companionable

English Foxhound,Companionable

American White Shepherd,Companionable

Barbet,Companionable

Basset Fauve de Bretagne,Companionable

Bracco Italiano,Companionable

Catahoula Bulldog,Companionable

Croatian Sheepdog,Companionable

Drentse Patrijshond,Companionable

Japanese Spitz,Companionable

Kromfohrlander,Companionable

Picardy Spaniel,Companionable

Shiloh Shepherd dog,Companionable

Silken Windhound,Companionable

Moscow Watchdog,Companionable

German Shepherd,Confident

Golden Retriever,Confident

Boxer,Confident

Great Dane,Confident

Belgian Malinois,Confident

Shiba Inu,Confident

Airedale Terrier,Confident

Great Pyrenees,Confident

Anatolian Shepherd Dog,Confident

Flat-Coated Retriever,Confident

Gordon Setter,Confident

Schipperke,Confident

Black Russian Terrier,Confident

Belgian Sheepdog,Confident

Boerboel,Confident

Treeing Walker Coonhound,Confident

Lakeland Terrier,Confident

Miniature Shar Pei,Confident

Chart Polski,Confident

Norrbottenspets,Confident

Olde English Bulldogge,Confident

Patterdale Terrier,Confident

Lucas Terrier,Confident

German Shorthaired Pointer,Cooperative

Braque du Bourbonnais,Cooperative

Dingo,Cooperative

Seppala Siberian Sleddog,Cooperative

German Shepherd,Courageous

Bulldog,Courageous

Rottweiler,Courageous

Yorkshire Terrier,Courageous

"Dachshund (Toy, Miniature, Standard)",Courageous

Cavalier King Charles Spaniel,Courageous

Shih Tzu,Courageous

Mastiff,Courageous

Pug,Courageous

Chihuahua,Courageous

Newfoundland,Courageous

Cane Corso,Courageous

West Highland White Terrier,Courageous

Akita,Courageous

Bullmastiff,Courageous

Airedale Terrier,Courageous

Dogue de Bordeaux,Courageous

Cairn Terrier,Courageous

Jack Russell Terrier,Courageous

Staffordshire Bull Terrier,Courageous

American Staffordshire Terrier,Courageous

Nova Scotia Duck Tolling Retriever,Courageous

Miniature Bull Terrier,Courageous

German Pinscher,Courageous

Australian Terrier,Courageous

Beauceron,Courageous

Tibetan Mastiff,Courageous

Glen of Imaal Terrier,Courageous

Plott Hound,Courageous

Norwegian Buhund,Courageous

Finnish Lapphund,Courageous

Akbash Dog,Courageous

American Mastiff,Courageous

American Pit Bull Terrier,Courageous

American Staghound,Courageous

Australian Stumpy Tail Cattle Dog,Courageous

Basset Fauve de Bretagne,Courageous

Bavarian Mountain Hound,Courageous

Bohemian Shepherd,Courageous

Briquet Griffon Vendeen,Courageous

Bukovina Sheepdog,Courageous

Caravan Hound,Courageous

Carpathian Sheepdog,Courageous

Catahoula Leopard Dog,Courageous

Czechoslovakian Wolfdog,Courageous

English Shepherd,Courageous

Fila Brasileiro,Courageous

Jagdterrier,Courageous

Polish Hunting Dog,Courageous

Grand Basset Griffon Vendeen,Courageous

Large Munsterlander,Courageous

Hamilton Hound,Courageous

Hokkaido Dog,Courageous

Jaumlmthund,Courageous

Landseer,Courageous

Mudi,Courageous

Olde English Bulldogge,Courageous

Perro de Presa Mallorquin,Courageous

Rajapalayam,Courageous

Schapendoes,Courageous

South Russian Ovcharka,Courageous

Karst Shepherd,Courageous

Transylvanian Hound,Courageous

Alopekis,Courageous

American Bulldog,Courageous

Basset Artesien Normand,Courageous

King Shepherd,Courageous

Dorgi,Courageous

German Shepherd,Curious

Basenji,Curious

Schipperke,Curious

Affenpinscher,Curious

Alaskan Klee Kai,Curious

Basset Bleu de Gascogne,Curious

Bouvier des Ardennes,Curious

Central Asian Ovtcharka,Curious

Pyrenean Shepherd,Dedicated

Koolie,Dedicated

Northern Inuit Dog,Dependable

Serbian Hound,Dependable

Bergamasco,Determined

Dandie Dinmont Terrier,Determined

Fila Brasileiro,Determined

Spanish Mastiff,Determined

Beagle-Harrier,Determined

Maremma Sheepdog,Determined

"Dachshund (Toy, Miniature, Standard)",Devoted

Great Dane,Devoted

Chihuahua,Devoted

Miniature American Shepherd,Devoted

Basset Hound,Devoted

Bullmastiff,Devoted

Alaskan Malamute,Devoted

Chinese Shar-Pei,Devoted

Dogue de Bordeaux,Devoted

Cardigan Welsh Corgi,Devoted

Greater Swiss Mountain Dog,Devoted

Lhasa Apso,Devoted

American Staffordshire Terrier,Devoted

Standard Schnauzer,Devoted

Flat-Coated Retriever,Devoted

"Manchester Terrier (Toy, Standard)",Devoted

Bedlington Terrier,Devoted

Entlebucher Mountain Dog,Devoted

Irish Red and White Setter,Devoted

Sussex Spaniel,Devoted

Canaan Dog,Devoted

Australian Stumpy Tail Cattle Dog,Devoted

Austrian Pinscher,Devoted

Blue Lacy,Devoted

Catahoula Bulldog,Devoted

Hamilton Hound,Devoted

Picardy Spaniel,Devoted

Rajapalayam,Devoted

Russian Spaniel,Devoted

Saarloos wolfdog,Devoted

Sarplaninac,Devoted

Thai Bangkaew Dog,Devoted

Rhodesian Ridgeback,Dignified

Akita,Dignified

Alaskan Malamute,Dignified

Irish Wolfhound,Dignified

Afghan Hound,Dignified

Clumber Spaniel,Dignified

Scottish Deerhound,Dignified

Chinook,Dignified

American Mastiff,Dignified

Kishu Ken,Dignified

Maremma Sheepdog,Dignified

Spanish Water Dog,Diligent

Koolie,Diligent

"Manchester Terrier (Toy, Standard)",Discerning

Maltese,Docile

Akita,Docile

Bullmastiff,Docile

Portuguese Water Dog,Docile

Spinone Italiano,Docile

Field Spaniel,Docile

Scottish Deerhound,Docile

Ariege Pointer,Docile

Fila Brasileiro,Docile

Hokkaido Dog,Docile

Kishu Ken,Docile

Kromfohrlander,Docile

Lapponian Herder,Docile

Pakistani Mastiff,Docile

Bolognese dog,Docile

Chesapeake Bay Retriever,Dominant

Giant Schnauzer,Dominant

Neapolitan Mastiff,Dominant

Irish Terrier,Dominant

Boerboel,Dominant

Alano Espanol,Dominant

Briquet Griffon Vendeen,Dominant

Bulgarian Shepherd Dog,Dominant

Caucasian Ovcharka,Dominant

Koolie,Dominant

Perro de Presa Canario,Dominant

Alapaha Blue Blood Bulldog,Dutiful

Boykin Spaniel,Eager

Gordon Setter,Eager

Parson Russell Terrier,Eager

American White Shepherd,Eager

Australian Kelpie,Eager

Cesky Fousek,Eager

French Bulldog,Easygoing

Maltese,Easygoing

Black and Tan Coonhound,Easygoing

Australian Bulldog,Easygoing

Austrian Black and Tan Hound,Elegant

Caravan Hound,Elegant

Labrador Retriever,Energetic

Yorkshire Terrier,Energetic

Boxer,Energetic

Doberman Pinscher,Energetic

English Springer Spaniel,Energetic

Vizsla,Energetic

Weimaraner,Energetic

Miniature American Shepherd,Energetic

Border Collie,Energetic

Soft Coated Wheaten Terrier,Energetic

Papillon,Energetic

Australian Cattle Dog,Energetic

Dalmatian,Energetic

Miniature Pinscher,Energetic

Irish Setter,Energetic

Jack Russell Terrier,Energetic

Basenji,Energetic

Nova Scotia Duck Tolling Retriever,Energetic

English Setter,Energetic

Boykin Spaniel,Energetic

Tibetan Terrier,Energetic

Belgian Tervuren,Energetic

Norwich Terrier,Energetic

Miniature Bull Terrier,Energetic

Black Russian Terrier,Energetic

"American Eskimo Dog (Toy, Miniature, Standard)",Energetic

Parson Russell Terrier,Energetic

Redbone Coonhound,Energetic

Puli,Energetic

Icelandic Sheepdog,Energetic

Berger Picard,Energetic

Swedish Vallhund,Energetic

Bedlington Terrier,Energetic

Irish Red and White Setter,Energetic

American Water Spaniel,Energetic

Norwegian Buhund,Energetic

American English Coonhound,Energetic

Pyrenean Shepherd,Energetic

Norwegian Lundehund,Energetic

Aidi,Energetic

Appenzeller Sennenhund,Energetic

Ariege Pointer,Energetic

Australian Kelpie,Energetic

Australian Stumpy Tail Cattle Dog,Energetic

Belgian Shepherd Laekenois,Energetic

Catahoula Leopard Dog,Energetic

Croatian Sheepdog,Energetic

Dunker,Energetic

English Shepherd,Energetic

Finnish Hound,Energetic

French Spaniel,Energetic

Goldendoodle,Energetic

Greenland Dog,Energetic

Griffon bleu de Gascogne,Energetic

Hamilton Hound,Energetic

Jaumlmthund,Energetic

Lapponian Herder,Energetic

Mudi,Energetic

Patterdale Terrier,Energetic

Picardy Spaniel,Energetic

Saarloos wolfdog,Energetic

Shikoku dog,Energetic

Smaland Hound,Energetic

Alaskan Husky,Energetic

American Bulldog,Energetic

Chizer,Energetic

Cotonese,Energetic

Dorgi,Energetic

Ibizan Hound,Engaging

Ariegeois,Enterprising

Bolognese dog,Enterprising

American Cocker Spaniel,Even Tempered

Bloodhound,Even Tempered

Dogue de Bordeaux,Even Tempered

Border Terrier,Even Tempered

Pointer,Even Tempered

Miniature Bull Terrier,Even Tempered

Black and Tan Coonhound,Even Tempered

German Pinscher,Even Tempered

Australian Terrier,Even Tempered

Sealyham Terrier,Even Tempered

Greyhound,Even Tempered

Polish Lowland Sheepdog,Even Tempered

Drever,Even Tempered

East Siberian Laika,Even Tempered

Eurasier,Even Tempered

Francais Blanc et Noir,Even Tempered

Hamilton Hound,Even Tempered

Hovawart,Even Tempered

Pudelpointer,Even Tempered

Russian Tsvetnaya Bolonka,Even-tempered

Andalusian Hound,Excellent sight

Pomeranian,Extroverted

Petit Basset Griffon Vendeen,Extroverted

Poodle (Standard),Faithful

Bernese Mountain Dog,Faithful

Shiba Inu,Faithful

Soft Coated Wheaten Terrier,Faithful

English Cocker Spaniel,Faithful

Schipperke,Faithful

Briard,Faithful

Puli,Faithful

Finnish Lapphund,Faithful

Sloughi,Faithful

Miniature Poodle,Faithful

Toy Poodle,Faithful

Hokkaido Dog,Faithful

Korean Jindo,Faithful

Kishu Ken,Faithful

Bouvier des Flandres,Familial

German Pinscher,Familial

Redbone Coonhound,Familial

Field Spaniel,Familial

Lowchen,Familial

Australian Bulldog,Familial

German Longhaired Pointer,Familial

Northern Inuit Dog,Familial

Silken Windhound,Familial

Thai Ridgeback,Familial

Weimaraner,Fast

Grand Basset Griffon Vendeen,Fast

Rottweiler,Fearless

Boxer,Fearless

Doberman Pinscher,Fearless

Miniature Schnauzer,Fearless

Shiba Inu,Fearless

Great Pyrenees,Fearless

Cairn Terrier,Fearless

Greater Swiss Mountain Dog,Fearless

Staffordshire Bull Terrier,Fearless

Border Terrier,Fearless

Wire Fox Terrier,Fearless

Leonberger,Fearless

Gordon Setter,Fearless

Neapolitan Mastiff,Fearless

Schipperke,Fearless

Smooth Fox Terrier,Fearless

Briard,Fearless

Norfolk Terrier,Fearless

Swedish Vallhund,Fearless

Sealyham Terrier,Fearless

Komondor,Fearless

Skye Terrier,Fearless

American White Shepherd,Fearless

Appenzeller Sennenhund,Fearless

Black Mouth Cur,Fearless

Czechoslovakian Wolfdog,Fearless

Drentse Patrijshond,Fearless

East Siberian Laika,Fearless

Plummer Terrier,Fearless

Tosa,Fearless

Slovensky Cuvac,Fearless

Bichon Frise,Feisty

Scottish Terrier,Feisty

Azawakh,Fierce

Kyi-Leo,Forgiving

Dunker,Free-spirited

Smaland Hound,Free-spirited

Labrador Retriever,Friendly

Golden Retriever,Friendly

Bulldog,Friendly

Beagle,Friendly

Boxer,Friendly

Siberian Husky,Friendly

Great Dane,Friendly

Pembroke Welsh Corgi,Friendly

Australian Shepherd,Friendly

Miniature Schnauzer,Friendly

Shih Tzu,Friendly

Boston Terrier,Friendly

Pomeranian,Friendly

Shetland Sheepdog,Friendly

Pug,Friendly

Basset Hound,Friendly

Collie,Friendly

West Highland White Terrier,Friendly

Belgian Malinois,Friendly

Akita,Friendly

St. Bernard (Saint Bernard),Friendly

English Cocker Spaniel,Friendly

Papillon,Friendly

Airedale Terrier,Friendly

Samoyed,Friendly

Alaskan Malamute,Friendly

Whippet,Friendly

German Wirehaired Pointer,Friendly

Dalmatian,Friendly

Miniature Pinscher,Friendly

Lhasa Apso,Friendly

American Staffordshire Terrier,Friendly

Flat-Coated Retriever,Friendly

Boykin Spaniel,Friendly

Wire Fox Terrier,Friendly

Silky Terrier,Friendly

Welsh Terrier,Friendly

Spinone Italiano,Friendly

Toy Fox Terrier,Friendly

"American Eskimo Dog (Toy, Miniature, Standard)",Friendly

Belgian Sheepdog,Friendly

Bluetick Coonhound,Friendly

Welsh Springer Spaniel,Friendly

Lakeland Terrier,Friendly

Swedish Vallhund,Friendly

Sealyham Terrier,Friendly

Wirehaired Vizsla,Friendly

Portuguese Podengo Pequeno,Friendly

Petit Basset Griffon Vendeen,Friendly

Sussex Spaniel,Friendly

American Water Spaniel,Friendly

Scottish Deerhound,Friendly

Lowchen,Friendly

Norwegian Buhund,Friendly

Skye Terrier,Friendly

Finnish Lapphund,Friendly

Chinook,Friendly

Harrier,Friendly

English Foxhound,Friendly

Africanis,Friendly

American Pit Bull Terrier,Friendly

Dogo Argentino,Friendly

Australian Kelpie,Friendly

Austrian Pinscher,Friendly

Brazilian Terrier,Friendly

Cockapoo,Friendly

Dunker,Friendly

Dutch Smoushond,Friendly

English Shepherd,Friendly

Finnish Hound,Friendly

German Longhaired Pointer,Friendly

Goldendoodle,Friendly

Griffon bleu de Gascogne,Friendly

Hamilton Hound,Friendly

Lancashire Heeler,Friendly

Lapponian Herder,Friendly

McNab,Friendly

Miniature Bulldog,Friendly

Northern Inuit Dog,Friendly

Olde English Bulldogge,Friendly

Patterdale Terrier,Friendly

Plummer Terrier,Friendly

Russian Spaniel,Friendly

Sapsali,Friendly

Schapendoes,Friendly

Silken Windhound,Friendly

Alopekis,Friendly

Taco Terrier,Friendly

Cairmal,Friendly

Double Doodle,Friendly

Maremma Sheepdog,Friendly

Lucas Terrier,Friendly

Shichon,Friendly

Moscow Watchdog,Friendly

Stabyhoun,Friendly

Puggle,Friendly

Russian Tsvetnaya Bolonka,Friendly

Affenpinscher,Fun-loving

Dandie Dinmont Terrier,Fun-loving

Lurcher,Fun-loving

Cairn Terrier,Gay

Gordon Setter,Gay

Skye Terrier,Gay

Volpino Italiano,Gay

Irish Wolfhound,Generous

Landseer,Generous

Labrador Retriever,Gentle

Beagle,Gentle

Siberian Husky,Gentle

Great Dane,Gentle

Cavalier King Charles Spaniel,Gentle

Shih Tzu,Gentle

Boston Terrier,Gentle

Havanese,Gentle

Shetland Sheepdog,Gentle

Vizsla,Gentle

Pug,Gentle

Maltese,Gentle

Basset Hound,Gentle

Collie,Gentle

Bichon Frise,Gentle

St. Bernard (Saint Bernard),Gentle

Bloodhound,Gentle

Whippet,Gentle

Wirehaired Pointing Griffon,Gentle

Great Pyrenees,Gentle

Cardigan Welsh Corgi,Gentle

Bouvier des Flandres,Gentle

Nova Scotia Duck Tolling Retriever,Gentle

English Setter,Gentle

Tibetan Terrier,Gentle

Borzoi,Gentle

Spinone Italiano,Gentle

Kerry Blue Terrier,Gentle

Black and Tan Coonhound,Gentle

English Toy Spaniel,Gentle

Clumber Spaniel,Gentle

Greyhound,Gentle

Glen of Imaal Terrier,Gentle

Komondor,Gentle

Scottish Deerhound,Gentle

Cirneco dell'Etna,Gentle

English Foxhound,Gentle

Spanish Greyhound,Gentle

Blue Picardy Spaniel,Gentle

Brazilian Terrier,Gentle

Carolina Dog,Gentle

Catahoula Leopard Dog,Gentle

German Longhaired Pointer,Gentle

Polish Hunting Dog,Gentle

Miniature Bulldog,Gentle

Mudi,Gentle

New Guinea Singing Dog,Gentle

Perro de Presa Canario,Gentle

Prazsky Krysarik,Gentle

Sapsali,Gentle

Shiloh Shepherd dog,Gentle

Pont-Audemer Spaniel,Gentle

American Bulldog,Gentle

Basset Artesien Normand,Gentle

Chizer,Gentle

King Shepherd,Gentle

Cockalier,Gentle

Dorkie,Gentle

Double Doodle,Gentle

Shichon,Gentle

Beaglier,Good natured

Rottweiler,Good-natured

Australian Shepherd,Good-natured

Greater Swiss Mountain Dog,Good-natured

Pekingese,Good-natured

Standard Schnauzer,Good-natured

American Mastiff,Good-natured

Austrian Black and Tan Hound,Good-natured

Kromfohrlander,Good-natured

Russian Spaniel,Good-natured

Serbian Hound,Good-natured

Transylvanian Hound,Good-natured

Skye Terrier,Good-tempered

Caravan Hound,Graceful

Clumber Spaniel,Great-hearted

Shih Tzu,Happy

Chesapeake Bay Retriever,Happy

Papillon,Happy

Chinese Crested,Happy

Afghan Hound,Happy

Parson Russell Terrier,Happy

Tibetan Spaniel,Happy

Norfolk Terrier,Happy

English Toy Spaniel,Happy

Petit Basset Griffon Vendeen,Happy

Lowchen,Happy

Finnish Spitz,Happy

Ariegeois,Happy

Basset Bleu de Gascogne,Happy

Small Munsterlander,Happy

Belgian Malinois,Hard-working

Belgian Sheepdog,Hard-working

Ariegeois,Hard-working

Cesky Fousek,Hard-working

McNab,Hard-working

Pont-Audemer Spaniel,Hard-working

West Highland White Terrier,Hardy

Papillon,Hardy

Cairn Terrier,Hardy

Norwegian Elkhound,Hardy

Norwich Terrier,Hardy

Black Russian Terrier,Hardy

Bearded Collie,Hardy

Icelandic Sheepdog,Hardy

Portuguese Podengo Pequeno,Hardy

Black Norwegian Elkhound,Hardy

Pont-Audemer Spaniel,Hardy

Andalusian Hound,Hearing

Deutsche Bracke,High stationed

Mountain Feist,High-spirited

American English Coonhound,High-strung

Andalusian Hound,Hunting

Central Asian Ovtcharka,Imperturbable

Portuguese Water Dog,Impetuous

Beagle,Independent

Rottweiler,Independent

Yorkshire Terrier,Independent

Brittany,Independent

St. Bernard (Saint Bernard),Independent

Scottish Terrier,Independent

Chinese Shar-Pei,Independent

Irish Setter,Independent

Chow Chow,Independent

Anatolian Shepherd Dog,Independent

Borzoi,Independent

Japanese Chin,Independent

Welsh Terrier,Independent

Schipperke,Independent

"American Eskimo Dog (Toy, Miniature, Standard)",Independent

Tibetan Spaniel,Independent

Lakeland Terrier,Independent

Redbone Coonhound,Independent

Entlebucher Mountain Dog,Independent

Kuvasz,Independent

Petit Basset Griffon Vendeen,Independent

Komondor,Independent

Ibizan Hound,Independent

Curly-Coated Retriever,Independent

Finnish Spitz,Independent

Dandie Dinmont Terrier,Independent

American Foxhound,Independent

Sloughi,Independent

Miniature Shar Pei,Independent

Kangal Dog,Independent

Africanis,Independent

Akbash Dog,Independent

Ariege Pointer,Independent

Briquet Griffon Vendeen,Independent

Bulgarian Shepherd Dog,Independent

Caravan Hound,Independent

Catahoula Leopard Dog,Independent

Central Asian Ovtcharka,Independent

English Shepherd,Independent

Finnish Hound,Independent

Greenland Dog,Independent

Griffon bleu de Gascogne,Independent

Jaumlmthund,Independent

Karelian Bear Dog,Independent

Pudelpointer,Independent

Rafeiro do Alentejo,Independent

Saarloos wolfdog,Independent

Sarplaninac,Independent

Thai Ridgeback,Independent

Bull Arab,Independent

Chippiparai,Independent

Majestic Tree Hound,Independent

Mal-Shi,Independent

Brussels Griffon,Inquisitive

Rat Terrier,Inquisitive

Silky Terrier,Inquisitive

American Hairless Terrier,Inquisitive

Icelandic Sheepdog,Inquisitive

Irish Water Spaniel,Inquisitive

Patterdale Terrier,Inquisitive

Seppala Siberian Sleddog,Inquisitive

Poodle (Standard),Instinctual

Miniature Poodle,Instinctual

Toy Poodle,Instinctual

Labrador Retriever,Intelligent

German Shepherd,Intelligent

Golden Retriever,Intelligent

Beagle,Intelligent

Poodle (Standard),Intelligent

Rottweiler,Intelligent

Yorkshire Terrier,Intelligent

German Shorthaired Pointer,Intelligent

Boxer,Intelligent

Siberian Husky,Intelligent

Great Dane,Intelligent

Pembroke Welsh Corgi,Intelligent

Doberman Pinscher,Intelligent

Australian Shepherd,Intelligent

Miniature Schnauzer,Intelligent

Cavalier King Charles Spaniel,Intelligent

Shih Tzu,Intelligent

Boston Terrier,Intelligent

Pomeranian,Intelligent

Havanese,Intelligent

Shetland Sheepdog,Intelligent

Bernese Mountain Dog,Intelligent

Brittany,Intelligent

English Springer Spaniel,Intelligent

Mastiff,Intelligent

American Cocker Spaniel,Intelligent

Vizsla,Intelligent

Pug,Intelligent

Chihuahua,Intelligent

Maltese,Intelligent

Weimaraner,Intelligent

Miniature American Shepherd,Intelligent

Newfoundland,Intelligent

Border Collie,Intelligent

Collie,Intelligent

Rhodesian Ridgeback,Intelligent

West Highland White Terrier,Intelligent

Chesapeake Bay Retriever,Intelligent

Bichon Frise,Intelligent

Akita,Intelligent

St. Bernard (Saint Bernard),Intelligent

Soft Coated Wheaten Terrier,Intelligent

English Cocker Spaniel,Intelligent

Papillon,Intelligent

Portuguese Water Dog,Intelligent

Airedale Terrier,Intelligent

Australian Cattle Dog,Intelligent

Samoyed,Intelligent

Whippet,Intelligent

German Wirehaired Pointer,Intelligent

Dalmatian,Intelligent

Wirehaired Pointing Griffon,Intelligent

Old English Sheepdog,Intelligent

Italian Greyhound,Intelligent

Chow Chow,Intelligent

Lhasa Apso,Intelligent

Giant Schnauzer,Intelligent

Coton De Tulear,Intelligent

Staffordshire Bull Terrier,Intelligent

Basenji,Intelligent

Bouvier des Flandres,Intelligent

Anatolian Shepherd Dog,Intelligent

Pekingese,Intelligent

Standard Schnauzer,Intelligent

Border Terrier,Intelligent

English Setter,Intelligent

Flat-Coated Retriever,Intelligent

Boykin Spaniel,Intelligent

Borzoi,Intelligent

Belgian Tervuren,Intelligent

Norwich Terrier,Intelligent

Japanese Chin,Intelligent

Welsh Terrier,Intelligent

Toy Fox Terrier,Intelligent

Irish Terrier,Intelligent

Lagotto Romagnolo,Intelligent

"American Eskimo Dog (Toy, Miniature, Standard)",Intelligent

Parson Russell Terrier,Intelligent

Tibetan Spaniel,Intelligent

Smooth Fox Terrier,Intelligent

Saluki,Intelligent

Boerboel,Intelligent

Bearded Collie,Intelligent

American Hairless Terrier,Intelligent

Briard,Intelligent

Lakeland Terrier,Intelligent

Puli,Intelligent

Berger Picard,Intelligent

Sealyham Terrier,Intelligent

Wirehaired Vizsla,Intelligent

Greyhound,Intelligent

Kuvasz,Intelligent

Pumi,Intelligent

Irish Water Spaniel,Intelligent

Ibizan Hound,Intelligent

American Water Spaniel,Intelligent

Curly-Coated Retriever,Intelligent

Skye Terrier,Intelligent

Pharaoh Hound,Intelligent

Finnish Spitz,Intelligent

American Foxhound,Intelligent

Sloughi,Intelligent

Miniature Poodle,Intelligent

Toy Poodle,Intelligent

Grand Bleu de Gascogne,Intelligent

Akbash Dog,Intelligent

Alaskan Klee Kai,Intelligent

American Pit Bull Terrier,Intelligent

Australian Bulldog,Intelligent

Australian Kelpie,Intelligent

Australian Stumpy Tail Cattle Dog,Intelligent

Barbet,Intelligent

Black Norwegian Elkhound,Intelligent

Blue Lacy,Intelligent

Bohemian Shepherd,Intelligent

Braque du Bourbonnais,Intelligent

Bulgarian Shepherd Dog,Intelligent

Catilde da Serra de Aires,Intelligent

Canadian Eskimo Dog,Intelligent

Catahoula Bulldog,Intelligent

Catahoula Leopard Dog,Intelligent

Catalan Sheepdog,Intelligent

Cockapoo,Intelligent

Croatian Sheepdog,Intelligent

Danish-Swedish Farmdog,Intelligent

Drentse Patrijshond,Intelligent

East-European Shepherd,Intelligent

English Shepherd,Intelligent

Eurasier,Intelligent

French Spaniel,Intelligent

Jagdterrier,Intelligent

German Longhaired Pointer,Intelligent

Goldendoodle,Intelligent

Polish Hunting Dog,Intelligent

Large Munsterlander,Intelligent

Japanese Spitz,Intelligent

Korean Jindo,Intelligent

Kooikerhondje,Intelligent

Koolie,Intelligent

Lancashire Heeler,Intelligent

Landseer,Intelligent

Mudi,Intelligent

Small Munsterlander,Intelligent

Patterdale Terrier,Intelligent

Peruvian Inca Orchid,Intelligent

Prazsky Krysarik,Intelligent

Sarplaninac,Intelligent

Schapendoes,Intelligent

Shikoku dog,Intelligent

Spanish Mastiff,Intelligent

Tamaskan Dog,Intelligent

Thai Bangkaew Dog,Intelligent

Thai Ridgeback,Intelligent

Tosa,Intelligent

Alopekis,Intelligent

Basset Artesien Normand,Intelligent

Chizer,Intelligent

Cotonese,Intelligent

King Shepherd,Intelligent

Majestic Tree Hound,Intelligent

Cockalier,Intelligent

Dorgi,Intelligent

Dorkie,Intelligent

Double Doodle,Intelligent

Maremma Sheepdog,Intelligent

Mal-Shi,Intelligent

Shichon,Intelligent

Stabyhoun,Intelligent

Mountain Cur,Intelligent

Polish Tatra Sheepdog,Intelligent

Puggle,Intelligent

Russian Tsvetnaya Bolonka,Intelligent

Blue Lacy,Intense

American Cocker Spaniel,Joyful

Silky Terrier,Joyful

Barbet,Joyful

French Bulldog,Keen

Shiba Inu,Keen

Bull Terrier,Keen

Wire Fox Terrier,Keen

Austrian Black and Tan Hound,Keen

Brazilian Terrier,Keen

Cesky Fousek,Keen

Croatian Sheepdog,Keen

Drever,Keen

Golden Retriever,Kind

Giant Schnauzer,Kind

Pointer,Kind

American Foxhound,Kind

Black Mouth Cur,Kind

Braque du Bourbonnais,Kind

German Longhaired Pointer,Kind

Smaland Hound,Kind

Serbian Hound,Kind

Swedish Lapphund,Kind

Bull Arab,Kind

French Bulldog,Lively

Beagle,Lively

"Dachshund (Toy, Miniature, Standard)",Lively

Pembroke Welsh Corgi,Lively

Shih Tzu,Lively

Boston Terrier,Lively

Pomeranian,Lively

Shetland Sheepdog,Lively

Chihuahua,Lively

Samoyed,Lively

Whippet,Lively

Irish Setter,Lively

Lhasa Apso,Lively

Chinese Crested,Lively

Coton De Tulear,Lively

Standard Schnauzer,Lively

Rat Terrier,Lively

Irish Terrier,Lively

Black Russian Terrier,Lively

Bearded Collie,Lively

American Hairless Terrier,Lively

German Pinscher,Lively

Berger Picard,Lively

Portuguese Podengo Pequeno,Lively

Petit Basset Griffon Vendeen,Lively

Pumi,Lively

Curly-Coated Retriever,Lively

Polish Lowland Sheepdog,Lively

Dandie Dinmont Terrier,Lively

Appenzeller Sennenhund,Lively

Austrian Pinscher,Lively

Basset Bleu de Gascogne,Lively

Belgian Shepherd Laekenois,Lively

Catilde da Serra de Aires,Lively

Czechoslovakian Wolfdog,Lively

Danish-Swedish Farmdog,Lively

Griffon bleu de Gascogne,Lively

Japanese Terrier,Lively

Kooikerhondje,Lively

Mudi,Lively

Peruvian Inca Orchid,Lively

Portuguese Pointer,Lively

Prazsky Krysarik,Lively

Saarloos wolfdog,Lively

Schapendoes,Lively

South Russian Ovcharka,Lively

Serbian Hound,Lively

Swedish Lapphund,Lively

Volpino Italiano,Lively

West Siberian Laika,Lively

Alopekis,Lively

Chorkie,Lively

Shichon,Lively

Slovensky Cuvac,Lively

Norfolk Terrier,Lovable

Black and Tan Coonhound,Lovable

Mountain Feist,Loveable

Labrador Retriever,Loving

Bulldog,Loving

Beagle,Loving

Great Dane,Loving

Chinese Shar-Pei,Loving

Old English Sheepdog,Loving

Leonberger,Loving

Japanese Chin,Loving

Welsh Terrier,Loving

Miniature Bull Terrier,Loving

Lagotto Romagnolo,Loving

American Hairless Terrier,Loving

Treeing Walker Coonhound,Loving

English Toy Spaniel,Loving

German Pinscher,Loving

Wirehaired Vizsla,Loving

American Foxhound,Loving

Alapaha Blue Blood Bulldog,Loving

Australian Bulldog,Loving

Catahoula Leopard Dog,Loving

Cockapoo,Loving

French Spaniel,Loving

Kooikerhondje,Loving

Landseer,Loving

Miniature Bulldog,Loving

Olde English Bulldogge,Loving

Shiloh Shepherd dog,Loving

Thai Ridgeback,Loving

Alopekis,Loving

American Bulldog,Loving

Chizer,Loving

Cotonese,Loving

King Shepherd,Loving

Chorkie,Loving

Cockalier,Loving

Dorgi,Loving

Dorkie,Loving

Double Doodle,Loving

Mal-Shi,Loving

Shichon,Loving

Labrador Retriever,Loyal

German Shepherd,Loyal

Rottweiler,Loyal

Yorkshire Terrier,Loyal

Boxer,Loyal

Doberman Pinscher,Loyal

Bernese Mountain Dog,Loyal

Mastiff,Loyal

Miniature American Shepherd,Loyal

Newfoundland,Loyal

Cane Corso,Loyal

Border Collie,Loyal

Collie,Loyal

Rhodesian Ridgeback,Loyal

Bullmastiff,Loyal

Australian Cattle Dog,Loyal

Alaskan Malamute,Loyal

German Wirehaired Pointer,Loyal

Wirehaired Pointing Griffon,Loyal

Dogue de Bordeaux,Loyal

Irish Wolfhound,Loyal

Chow Chow,Loyal

Giant Schnauzer,Loyal

American Staffordshire Terrier,Loyal

Bouvier des Flandres,Loyal

Norwegian Elkhound,Loyal

Leonberger,Loyal

Belgian Tervuren,Loyal

Gordon Setter,Loyal

Japanese Chin,Loyal

Spinone Italiano,Loyal

Toy Fox Terrier,Loyal

Pointer,Loyal

Lagotto Romagnolo,Loyal

Briard,Loyal

Kerry Blue Terrier,Loyal

Welsh Springer Spaniel,Loyal

"Manchester Terrier (Toy, Standard)",Loyal

Australian Terrier,Loyal

Clumber Spaniel,Loyal

Beauceron,Loyal

Puli,Loyal

Xoloitzcuintli,Loyal

Spanish Water Dog,Loyal

Bedlington Terrier,Loyal

Entlebucher Mountain Dog,Loyal

Tibetan Mastiff,Loyal

Irish Red and White Setter,Loyal

Wirehaired Vizsla,Loyal

Kuvasz,Loyal

Glen of Imaal Terrier,Loyal

Portuguese Podengo Pequeno,Loyal

Plott Hound,Loyal

Skye Terrier,Loyal

Finnish Spitz,Loyal

American English Coonhound,Loyal

American Foxhound,Loyal

Norwegian Lundehund,Loyal

Akbash Dog,Loyal

Alaskan Klee Kai,Loyal

American Pit Bull Terrier,Loyal

Dogo Argentino,Loyal

Australian Bulldog,Loyal

Australian Kelpie,Loyal

Australian Stumpy Tail Cattle Dog,Loyal

Bavarian Mountain Hound,Loyal

Black Mouth Cur,Loyal

Bracco Italiano,Loyal

Canadian Eskimo Dog,Loyal

Caravan Hound,Loyal

Carolina Dog,Loyal

Catahoula Bulldog,Loyal

Catahoula Leopard Dog,Loyal

Cesky Fousek,Loyal

Cockapoo,Loyal

Dingo,Loyal

Drentse Patrijshond,Loyal

Dutch Shepherd Dog,Loyal

East Siberian Laika,Loyal

East-European Shepherd,Loyal

Fila Brasileiro,Loyal

Greenland Dog,Loyal

Jaumlmthund,Loyal

Japanese Spitz,Loyal

Korean Jindo,Loyal

Karelian Bear Dog,Loyal

Miniature Bulldog,Loyal

Perro de Presa Mallorquin,Loyal

Rajapalayam,Loyal

Russian Toy,Loyal

Sapsali,Loyal

Shikoku dog,Loyal

Shiloh Shepherd dog,Loyal

Smaland Hound,Loyal

Thai Ridgeback,Loyal

Transylvanian Hound,Loyal

Alopekis,Loyal

Beagle-Harrier,Loyal

Beaglier,Loyal

Bolognese dog,Loyal

Chippiparai,Loyal

Chizer,Loyal

Taco Terrier,Loyal

Cairmal,Loyal

Majestic Tree Hound,Loyal

Chorkie,Loyal

Cockalier,Loyal

Dorgi,Loyal

Maremma Sheepdog,Loyal

Stabyhoun,Loyal

Puggle,Loyal

Russian Tsvetnaya Bolonka,Loyal

Berger Picard,Mellow

American Cocker Spaniel,Merry

Rhodesian Ridgeback,Mischievous

Italian Greyhound,Mischievous

English Setter,Mischievous

Peruvian Inca Orchid,Noble

Spanish Mastiff,Noble

Cesky Terrier,Nonaggressive

Basset Artesien Normand,Obedience

German Shepherd,Obedient

Doberman Pinscher,Obedient

Miniature Schnauzer,Obedient

Portuguese Water Dog,Obedient

Lhasa Apso,Obedient

Keeshond,Obedient

Border Terrier,Obedient

Leonberger,Obedient

Neapolitan Mastiff,Obedient

Parson Russell Terrier,Obedient

Boerboel,Obedient

Briard,Obedient

Puli,Obedient

American Water Spaniel,Obedient

Alano Espanol,Obedient

American Pit Bull Terrier,Obedient

Australian Stumpy Tail Cattle Dog,Obedient

Drentse Patrijshond,Obedient

Dutch Shepherd Dog,Obedient

Fila Brasileiro,Obedient

McNab,Obedient

Serbian Hound,Obedient

Tamaskan Dog,Obedient

Texas Heeler,Obedient

Kyi-Leo,Obedient

Bouvier des Ardennes,Obstinate

Pekingese,Opinionated

Flat-Coated Retriever,Optimistic

Labrador Retriever,Out-Going

Pembroke Welsh Corgi,Out-Going

Pug,Out-Going

St. Bernard (Saint Bernard),Out-Going

Wirehaired Vizsla,Out-Going

Cockapoo,Out-Going

Kooikerhondje,Out-Going

American Bulldog,Out-Going

Cockalier,Out-Going

Mal-Shi,Out-Going

Shih Tzu,Outgoing

American Cocker Spaniel,Outgoing

Airedale Terrier,Outgoing

Dalmatian,Outgoing

Miniature Pinscher,Outgoing

Flat-Coated Retriever,Outgoing

Harrier,Outgoing

Shiloh Shepherd dog,Outgoing

Briquet Griffon Vendeen,Passionate

Finnish Hound,Passionate

Great Pyrenees,Patient

Irish Wolfhound,Patient

Spinone Italiano,Patient

Kuvasz,Patient

Bergamasco,Patient

Alano Espanol,Patient

Hamilton Hound,Patient

Landseer,Patient

Tornjak,Peaceful

English Setter,People-Oriented

Polish Lowland Sheepdog,Perceptive

Tornjak,Persistent

Labrador Retriever,Playful

French Bulldog,Playful

"Dachshund (Toy, Miniature, Standard)",Playful

Pomeranian,Playful

Havanese,Playful

Shetland Sheepdog,Playful

English Springer Spaniel,Playful

Vizsla,Playful

Pug,Playful

Maltese,Playful

Bichon Frise,Playful

Soft Coated Wheaten Terrier,Playful

English Cocker Spaniel,Playful

Samoyed,Playful

Scottish Terrier,Playful

Alaskan Malamute,Playful

Dalmatian,Playful

Old English Sheepdog,Playful

Miniature Pinscher,Playful

Irish Setter,Playful

Lhasa Apso,Playful

Chinese Crested,Playful

Coton De Tulear,Playful

Basenji,Playful

Keeshond,Playful

Nova Scotia Duck Tolling Retriever,Playful

Standard Schnauzer,Playful

Norwegian Elkhound,Playful

Toy Fox Terrier,Playful

Miniature Bull Terrier,Playful

Smooth Fox Terrier,Playful

American Hairless Terrier,Playful

Welsh Springer Spaniel,Playful

English Toy Spaniel,Playful

Affenpinscher,Playful

Bedlington Terrier,Playful

Irish Red and White Setter,Playful

Pharaoh Hound,Playful

Finnish Spitz,Playful

Sloughi,Playful

Austrian Pinscher,Playful

Blue Picardy Spaniel,Playful

Bouvier des Ardennes,Playful

Bracco Italiano,Playful

Cockapoo,Playful

East-European Shepherd,Playful

English Shepherd,Playful

Japanese Spitz,Playful

Landseer,Playful

Miniature Bulldog,Playful

Russian Toy,Playful

Sapsali,Playful

Silken Windhound,Playful

Volpino Italiano,Playful

Beaglier,Playful

Cotonese,Playful

Taco Terrier,Playful

Cairmal,Playful

Kyi-Leo,Playful

Dorkie,Playful

Mal-Shi,Playful

Shichon,Playful

Puggle,Playful

Russian Tsvetnaya Bolonka,Playful

Scottish Deerhound,Polite

Weimaraner,Powerful

Bullmastiff,Powerful

Giant Schnauzer,Powerful

Aidi,Powerful

Caucasian Ovcharka,Powerful

Alaskan Husky,Powerful

Carolina Dog,Primitive

Seppala Siberian Sleddog,Primitive

Rottweiler,Protective

Australian Shepherd,Protective

Vizsla,Protective

Collie,Protective

Chesapeake Bay Retriever,Protective

Belgian Malinois,Protective

Bullmastiff,Protective

Australian Cattle Dog,Protective

Bull Terrier,Protective

Greater Swiss Mountain Dog,Protective

Chow Chow,Protective

Bouvier des Flandres,Protective

Belgian Tervuren,Protective

Neapolitan Mastiff,Protective

Irish Terrier,Protective

"American Eskimo Dog (Toy, Miniature, Standard)",Protective

Belgian Sheepdog,Protective

Briard,Protective

Beauceron,Protective

Xoloitzcuintli,Protective

Tibetan Mastiff,Protective

Wirehaired Vizsla,Protective

Kuvasz,Protective

Pumi,Protective

American Water Spaniel,Protective

Norwegian Lundehund,Protective

Kangal Dog,Protective

Aidi,Protective

Alapaha Blue Blood Bulldog,Protective

American Mastiff,Protective

Dogo Argentino,Protective

Belgian Shepherd Laekenois,Protective

Black Mouth Cur,Protective

Blue Picardy Spaniel,Protective

Catahoula Bulldog,Protective

Catalan Sheepdog,Protective

McNab,Protective

Peruvian Inca Orchid,Protective

Rafeiro do Alentejo,Protective

Sarplaninac,Protective

Thai Bangkaew Dog,Protective

Thai Ridgeback,Protective

Transylvanian Hound,Protective

West Siberian Laika,Protective

Alaskan Husky,Protective

Alopekis,Protective

Chorkie,Protective

Mountain Cur,Protective

Wirehaired Pointing Griffon,Proud

Anatolian Shepherd Dog,Proud

Black Norwegian Elkhound,Proud

Bulgarian Shepherd Dog,Proud

Japanese Spitz,Proud

Saarloos wolfdog,Proud

Portuguese Water Dog,Quarrelsome

Chihuahua,Quick

Scottish Terrier,Quick

Keeshond,Quick

Wire Fox Terrier,Quick

Silky Terrier,Quick

Irish Water Spaniel,Quick

Canaan Dog,Quick

Alaskan Klee Kai,Quick

Ariege Pointer,Quick

Caucasian Ovcharka,Quick

Czechoslovakian Wolfdog,Quick

Prazsky Krysarik,Quick

Vizsla,Quiet

Cane Corso,Quiet

Chesapeake Bay Retriever,Quiet

St. Bernard (Saint Bernard),Quiet

English Cocker Spaniel,Quiet

Whippet,Quiet

Chow Chow,Quiet

Borzoi,Quiet

Saluki,Quiet

"Manchester Terrier (Toy, Standard)",Quiet

Greyhound,Quiet

Bergamasco,Quiet

Cesky Terrier,Quiet

Spanish Greyhound,Quiet

Bavarian Mountain Hound,Quiet

Perro de Presa Mallorquin,Quiet

Wetterhoun,Quiet

Kyi-Leo,Quiet

Mal-Shi,Quiet

Scottish Deerhound,Quietly

Bouvier des Flandres,Rational

Azawakh,Refined

Golden Retriever,Reliable

Staffordshire Bull Terrier,Reliable

Bedlington Terrier,Reliable

Irish Red and White Setter,Reliable

Alano Espanol,Reliable

Appenzeller Sennenhund,Reliable

Dutch Shepherd Dog,Reliable

Jagdterrier,Reliable

Russian Spaniel,Reliable

Saarloos wolfdog,Reliable

Sarplaninac,Reliable

Chinese Shar-Pei,Reserved

Tibetan Terrier,Reserved

Saluki,Reserved

English Toy Spaniel,Reserved

Pumi,Reserved

Cesky Terrier,Reserved

Chart Polski,Reserved

Eurasier,Reserved

Hovawart,Reserved

Wetterhoun,Reserved

Bolognese dog,Reserved

Borzoi,Respectful

Irish Terrier,Respectful

Alapaha Blue Blood Bulldog,Responsible

Labrador Retriever,Responsive

Havanese,Responsive

Brittany,Responsive

Maltese,Responsive

Border Collie,Responsive

Collie,Responsive

Miniature Pinscher,Responsive

Silky Terrier,Responsive

Cockapoo,Responsive

Cotonese,Responsive

Brazilian Terrier,Restless

Ariege Pointer,Robust

Black Norwegian Elkhound,Robust

Azawakh,Rugged

Kangal Dog,Self-Controlled

Pudelpointer,Self-Controlled

Scottish Terrier,Self-assured

Appenzeller Sennenhund,Self-assured

Chart Polski,Self-assured

Drever,Self-assured

Greater Swiss Mountain Dog,Self-confidence

Bearded Collie,Self-confidence

Norfolk Terrier,Self-confidence

American White Shepherd,Self-confidence

Rafeiro do Alentejo,Self-confidence

Brussels Griffon,Self-important

Rhodesian Ridgeback,Sensitive

Brussels Griffon,Sensitive

Tibetan Terrier,Sensitive

Field Spaniel,Sensitive

Curly-Coated Retriever,Sensitive

Sloughi,Sensitive

Kangal Dog,Sensitive

Aidi,Sensitive

Tosa,Sensitive

Alaskan Husky,Sensitive

Alano Espanol,Serious

Andalusian Hound,Smell

Rafeiro do Alentejo,Sober

American Cocker Spaniel,Sociable

Samoyed,Sociable

Old English Sheepdog,Sociable

Field Spaniel,Sociable

Sussex Spaniel,Sociable

Pharaoh Hound,Sociable

English Foxhound,Sociable

Ariegeois,Sociable

Basset Fauve de Bretagne,Sociable

Czechoslovakian Wolfdog,Sociable

Jagdterrier,Sociable

McNab,Sociable

Tamaskan Dog,Sociable

Bulldog,Social

Cavalier King Charles Spaniel,Social

Newfoundland,Social

Lagotto Romagnolo,Social

Appenzeller Sennenhund,Social

American Bulldog,Social

Majestic Tree Hound,Social

Chorkie,Social

Shichon,Social

Miniature Schnauzer,Spirited

Soft Coated Wheaten Terrier,Spirited

Lhasa Apso,Spirited

Welsh Terrier,Spirited

Toy Fox Terrier,Spirited

Norfolk Terrier,Spirited

Kerry Blue Terrier,Spirited

German Pinscher,Spirited

Australian Terrier,Spirited

Glen of Imaal Terrier,Spirited

Bavarian Mountain Hound,Spirited

Kromfohrlander,Spirited

Beagle-Harrier,Spirited

Mountain Feist,Spirited

Black Russian Terrier,Stable

Bohemian Shepherd,Stable

Polish Hunting Dog,Stable

Weimaraner,Steady

Lhasa Apso,Steady

Anatolian Shepherd Dog,Steady

Komondor,Steady

Tornjak,Steady

Catahoula Bulldog,Strong

Caucasian Ovcharka,Strong

Central Asian Ovtcharka,Strong

Olde English Bulldogge,Strong

Rhodesian Ridgeback,Strong Willed

Great Pyrenees,Strong Willed

Giant Schnauzer,Strong Willed

Norwegian Elkhound,Strong Willed

English Setter,Strong Willed

Kerry Blue Terrier,Strong Willed

Tibetan Mastiff,Strong Willed

American Pit Bull Terrier,Strong Willed

Black Norwegian Elkhound,Strong Willed

Jagdterrier,Strong Willed

Small Munsterlander,Strong Willed

Perro de Presa Canario,Strong Willed

"Dachshund (Toy, Miniature, Standard)",Stubborn

Weimaraner,Stubborn

Belgian Malinois,Stubborn

Bloodhound,Stubborn

Pekingese,Stubborn

Neapolitan Mastiff,Stubborn

Miniature Bull Terrier,Stubborn

Belgian Sheepdog,Stubborn

Welsh Springer Spaniel,Stubborn

Berger Picard,Stubborn

Affenpinscher,Stubborn

Tibetan Mastiff,Stubborn

Ibizan Hound,Stubborn

American Pit Bull Terrier,Stubborn

Basset Fauve de Bretagne,Stubborn

Bracco Italiano,Stubborn

Grand Basset Griffon Vendeen,Stubborn

Keeshond,Sturdy

Portuguese Pointer,Submissive

Chinese Shar-Pei,Suspicious

Tosa,Suspicious

Bulldog,Sweet

Newfoundland,Sweet

Maltese,Sweet-Tempered

Basset Hound,Sweet-Tempered

Bull Terrier,Sweet-Tempered

Irish Wolfhound,Sweet-Tempered

Chinese Crested,Sweet-Tempered

Harrier,Sweet-Tempered

American Foxhound,Sweet-Tempered

Drentse Patrijshond,Sweet-Tempered

Japanese Terrier,Swift

Mountain Feist,Swift

Bull Arab,Tempered

Border Collie,Tenacious

Basset Hound,Tenacious

American Staffordshire Terrier,Tenacious

American Staghound,Tenacious

Karelian Bear Dog,Tenacious

Serbian Hound,Tenacious

Africanis,Territorial

Karelian Bear Dog,Territorial

Rafeiro do Alentejo,Territorial

Irish Wolfhound,Thoughtful

Harrier,Tolerant

English Foxhound,Tolerant

Dogo Argentino,Tolerant

Canadian Eskimo Dog,Tough

French Spaniel,Tough

Poodle (Standard),Trainable

German Shorthaired Pointer,Trainable

Wirehaired Pointing Griffon,Trainable

Coton De Tulear,Trainable

Standard Schnauzer,Trainable

Boykin Spaniel,Trainable

Neapolitan Mastiff,Trainable

Irish Terrier,Trainable

Lagotto Romagnolo,Trainable

Lakeland Terrier,Trainable

American Water Spaniel,Trainable

Curly-Coated Retriever,Trainable

Pharaoh Hound,Trainable

Pyrenean Shepherd,Trainable

Cesky Terrier,Trainable

Miniature Poodle,Trainable

Toy Poodle,Trainable

Africanis,Trainable

Ariege Pointer,Trainable

Ariegeois,Trainable

Black Mouth Cur,Trainable

Bracco Italiano,Trainable

Catalan Sheepdog,Trainable

Dutch Shepherd Dog,Trainable

Goldendoodle,Trainable

Polish Hunting Dog,Trainable

Kromfohrlander,Trainable

Small Munsterlander,Trainable

Picardy Spaniel,Trainable

Seppala Siberian Sleddog,Trainable

Shiloh Shepherd dog,Trainable

Pont-Audemer Spaniel,Trainable

Swedish Lapphund,Trainable

Black and Tan Coonhound,Trusting

Silken Windhound,Trusting

Golden Retriever,Trustworthy

Redbone Coonhound,Unflappable

Finnish Hound,Versatile

Swedish Lapphund,Versatile

Wirehaired Pointing Griffon,Vigilant

Dogue de Bordeaux,Vigilant

Bergamasco,Vigilant

Bulgarian Shepherd Dog,Vigilant

Japanese Terrier,Vigilant

Tornjak,Vigilant

Coton De Tulear,Vocal

Pumi,Vocal

Finnish Spitz,Vocal

Grand Basset Griffon Vendeen,Vocal

German Shepherd,Watchful

Belgian Malinois,Watchful

Brussels Griffon,Watchful

Belgian Sheepdog,Watchful

Pyrenean Shepherd,Watchful

Australian Stumpy Tail Cattle Dog,Watchful

Belgian Shepherd Laekenois,Watchful

Eurasier,Watchful

Hovawart,Watchful

Schapendoes,Watchful

Thai Bangkaew Dog,Watchful

Volpino Italiano,Watchful

Slovensky Cuvac,Watchful

Grand Basset Griffon Vendeen,Well-mannered

McNab,Well-mannered

German Wirehaired Pointer,Willful

Tibetan Spaniel,Willful

Beauceron,obedient

